<world>
   <skybox/>
   <brick name = "ground" coords = "-8,10,-13" rgb = "255,255,255,255" orientation = "0,0,0" size = "75,75,2" anchored = "yes"/>
   <brick name = "t1tree_stump" coords = "-8,30,-7" rgb = "133,94,66,255" orientation = "0,0,0" size = "3,3,4"/>
	<brick name = "t1leaves1" coords = "-8,30,-2" rgb = "0,100,0,255" orientation = "0,0,0" size = "10,10,1"/>
	<brick name = "t1leaves2" coords = "-8,30,0" rgb = "0,100,0,255" orientation = "0,0,0" size = "8,8,1"/>
	<brick name = "t1leaves3" coords = "-8,30,2" rgb = "0,100,0,255" orientation = "0,0,0" size = "6,6,1"/>
	<brick name = "t2tree_stump" coords = "0,30,-7" rgb = "133,94,66,255" orientation = "0,0,0" size = "3,3,4"/>
	<brick name = "t2leaves1" coords = "0,30,-2" rgb = "0,100,0,255" orientation = "0,0,0" size = "10,10,1"/>
	<brick name = "t2leaves2" coords = "0,30,0" rgb = "0,100,0,255" orientation = "0,0,0" size = "8,8,1"/>
	<brick name = "t2leaves3" coords = "0,30,2" rgb = "0,100,0,255" orientation = "0,0,0" size = "6,6,1"/>
</world>
