<world version="0.7.0"><skybox /><light name="ambient_light" orientation="0.0, 0.0, 0.0" rgb="255.0, 255.0, 255.0, 255.0" type="ambient" /><light name="sun_light" orientation="0.0, 0.0, 0.0" rgb="255.0, 255.0, 255.0, 255.0" type="directional" /><brick anchored="yes" coords="0.0, 0.0, 1.0" name="Baseplate" orientation="0.0, 0.0, 0.0" rgb="255.0, 236.0, 139.0, 255.0" size="300.0, 300.0, 1.0" /><brick anchored="yes" coords="104.0, -120.0, 14.0" name="Ground" orientation="0.0, 0.0, 0.0" rgb="139.0, 69.0, 19.0, 255.0" size="80.0, 54.0, 12.0" /><brick anchored="yes" coords="57.0, -72.0, 14.0" name="Ground" orientation="0.0, 0.0, 0.0" rgb="139.0, 69.0, 19.0, 255.0" size="10.0, 150.0, 12.0" /><brick anchored="yes" coords="137.0, -18.0, 14.0" name="Ground" orientation="0.0, 0.0, 0.0" rgb="139.0, 69.0, 19.0, 255.0" size="10.0, 150.0, 12.0" /><brick anchored="yes" coords="70.0, -85.0, 9.0" name="Ground" orientation="0.0, 0.0, 0.0" rgb="139.0, 69.0, 19.0, 255.0" size="17.0, 13.0, 7.0" /><brick anchored="yes" coords="102.0, -120.0, 32.0" name="Ground" orientation="0.0, 0.0, 0.0" rgb="139.0, 69.0, 19.0, 255.0" size="55.0, 39.0, 6.0" /><brick anchored="yes" coords="120.0, 75.0, 14.0" name="Ground" orientation="0.0, 0.0, 0.0" rgb="139.0, 69.0, 19.0, 255.0" size="47.0, 35.0, 12.0" /><brick anchored="yes" coords="120.0, 49.0, 7.0" name="Ground" orientation="0.0, 0.0, 0.0" rgb="139.0, 69.0, 19.0, 255.0" size="25.0, 18.0, 6.0" /><brick anchored="yes" coords="103.0, 122.0, 14.0" name="Ground" orientation="0.0, 0.0, 0.0" rgb="139.0, 69.0, 19.0, 255.0" size="82.0, 59.0, 12.0" /><brick anchored="yes" coords="103.0, 114.0, 38.0" name="Ground" orientation="0.0, 0.0, 0.0" rgb="139.0, 69.0, 19.0, 255.0" size="47.0, 35.0, 12.0" /><brick anchored="yes" coords="31.0, 54.0, 27.0" name="Ground" orientation="0.0, 0.0, 0.0" rgb="139.0, 69.0, 19.0, 255.0" size="27.0, 47.0, 24.0" /><brick anchored="yes" coords="-9.0, 137.0, 14.0" name="Ground" orientation="0.0, 0.0, 0.0" rgb="139.0, 69.0, 19.0, 255.0" size="146.0, 25.0, 12.0" /><brick anchored="yes" coords="10.0, 71.0, 10.0" name="Ground" orientation="0.0, 0.0, 0.0" rgb="139.0, 69.0, 19.0, 255.0" size="13.0, 13.0, 8.0" /><brick anchored="yes" coords="16.0, 34.0, 43.0" name="Ground" orientation="0.0, 0.0, 0.0" rgb="139.0, 69.0, 19.0, 255.0" size="2.0, 5.0, 8.0" /><brick anchored="yes" coords="50.0, 46.0, 11.0" name="Ground" orientation="0.0, 0.0, 0.0" rgb="139.0, 69.0, 19.0, 255.0" size="13.0, 13.0, 8.0" /><brick anchored="yes" coords="124.0, -28.0, 16.0" name="Ground" orientation="0.0, 0.0, 0.0" rgb="139.0, 69.0, 19.0, 255.0" size="16.0, 42.0, 14.0" /><brick anchored="yes" coords="-72.0, 92.0, 6.0" name="Ground" orientation="0.0, 0.0, 0.0" rgb="139.0, 69.0, 19.0, 255.0" size="25.0, 65.0, 4.0" /><brick anchored="yes" coords="-121.0, 122.0, 14.0" name="Ground" orientation="0.0, 0.0, 0.0" rgb="139.0, 69.0, 19.0, 255.0" size="72.0, 57.0, 12.0" /><brick anchored="yes" coords="-155.0, -16.0, 14.0" name="Ground" orientation="0.0, 0.0, 0.0" rgb="139.0, 69.0, 19.0, 255.0" size="8.0, 219.0, 12.0" /><brick anchored="yes" coords="-84.0, -62.0, 37.0" name="Ground" orientation="0.0, 0.0, 0.0" rgb="139.0, 69.0, 19.0, 255.0" size="63.0, 86.0, 34.0" /><brick anchored="yes" coords="-87.0, -63.0, 77.0" name="Ground" orientation="0.0, 0.0, 0.0" rgb="139.0, 69.0, 19.0, 255.0" size="52.0, 58.0, 6.0" /><brick anchored="yes" coords="-20.0, -143.0, 13.0" name="Ground" orientation="0.0, 0.0, 0.0" rgb="139.0, 69.0, 19.0, 255.0" size="152.0, 9.0, 12.0" /><brick anchored="yes" coords="-128.0, -137.0, 14.0" name="Ground" orientation="0.0, 0.0, 0.0" rgb="139.0, 69.0, 19.0, 255.0" size="58.0, 25.0, 12.0" /><brick anchored="yes" coords="27.0, -74.0, 7.0" name="Ground" orientation="0.0, 0.0, 0.0" rgb="139.0, 69.0, 19.0, 255.0" size="52.0, 58.0, 5.0" /><brick anchored="yes" coords="-12.0, 19.0, 11.0" name="Plant" orientation="0.0, 10.0, 0.0" rgb="25.0, 100.0, 25.0, 255.0" size="1.0, 1.0, 7.0" /><brick anchored="yes" coords="-67.0, 25.0, 5.5" name="Plant" orientation="0.0, 45.0, 0.0" rgb="25.0, 100.0, 25.0, 255.0" size="1.0, 1.0, 3.0" /><brick anchored="yes" coords="-65.0, 27.0, 5.5" name="Plant" orientation="90.0, 45.0, 0.0" rgb="25.0, 100.0, 25.0, 255.0" size="1.0, 1.0, 3.0" /><brick anchored="yes" coords="-69.0, 27.0, 5.5" name="Plant" orientation="-90.0, 45.0, 0.0" rgb="25.0, 100.0, 25.0, 255.0" size="1.0, 1.0, 3.0" /><brick anchored="yes" coords="-67.0, 29.0, 5.5" name="Plant" orientation="180.0, 45.0, 0.0" rgb="25.0, 100.0, 25.0, 255.0" size="1.0, 1.0, 3.0" /><brick anchored="yes" coords="-48.0, -54.0, 4.5" name="Rock" orientation="0.0, 0.0, 0.0" rgb="50.0, 50.0, 50.0, 255.0" size="11.0, 9.0, 2.0" /><brick anchored="yes" coords="-48.0, -54.0, 7.0" name="Rock" orientation="0.0, 0.0, 0.0" rgb="50.0, 50.0, 50.0, 255.0" size="7.0, 7.0, 2.0" /><brick anchored="yes" coords="17.0, -74.0, 15.0" name="Rock" orientation="0.0, 0.0, 0.0" rgb="50.0, 50.0, 50.0, 255.0" size="23.0, 36.0, 2.0" /><brick anchored="yes" coords="91.0, -38.0, 4.0" name="Rock" orientation="0.0, 0.0, 0.0" rgb="50.0, 50.0, 50.0, 255.0" size="21.0, 21.0, 2.0" /><brick anchored="yes" coords="86.0, -42.0, 7.0" name="Rock" orientation="0.0, 0.0, 0.0" rgb="50.0, 50.0, 50.0, 255.0" size="9.0, 8.0, 2.0" /><brick anchored="yes" coords="19.0, -64.0, 19.0" name="Rock" orientation="0.0, 0.0, 0.0" rgb="50.0, 50.0, 50.0, 255.0" size="9.0, 8.0, 2.0" /><brick anchored="yes" coords="-118.0, 72.0, 7.0" name="Rock" orientation="0.0, 0.0, 0.0" rgb="50.0, 50.0, 50.0, 255.0" size="19.0, 20.0, 5.0" /><brick anchored="yes" coords="-137.0, 64.0, 5.5" name="Rock" orientation="0.0, 0.0, 0.0" rgb="50.0, 50.0, 50.0, 255.0" size="20.0, 17.0, 3.0" /><brick anchored="yes" coords="-130.0, 67.0, 10.0" name="Rock" orientation="0.0, 0.0, 0.0" rgb="50.0, 50.0, 50.0, 255.0" size="5.0, 5.0, 2.0" /><brick anchored="yes" coords="-119.0, 59.0, 4.0" name="Rock" orientation="0.0, 0.0, 0.0" rgb="50.0, 50.0, 50.0, 255.0" size="5.0, 5.0, 2.0" /><brick anchored="yes" coords="-31.0, 93.0, 5.0" name="Rock" orientation="0.0, 0.0, 0.0" rgb="50.0, 50.0, 50.0, 255.0" size="45.0, 54.0, 2.0" /><brick anchored="yes" coords="-31.0, 93.0, 10.0" name="Water" orientation="0.0, 0.0, 0.0" rgb="0.0, 15.0, 100.0, 100.0" size="36.0, 36.0, 1.0" /><brick anchored="yes" coords="-31.0, 71.0, 8.0" name="Rock" orientation="0.0, 0.0, 0.0" rgb="50.0, 50.0, 50.0, 255.0" size="40.0, 8.0, 2.0" /><brick anchored="yes" coords="-13.0, 93.0, 8.0" name="Rock" orientation="0.0, 0.0, 0.0" rgb="50.0, 50.0, 50.0, 255.0" size="2.0, 35.0, 2.0" /><brick anchored="yes" coords="-52.0, 92.0, 9.0" name="Rock" orientation="0.0, 0.0, 0.0" rgb="50.0, 50.0, 50.0, 255.0" size="2.0, 35.0, 2.0" /><brick anchored="yes" coords="-31.0, 115.0, 9.0" name="Rock" orientation="0.0, 0.0, 0.0" rgb="50.0, 50.0, 50.0, 255.0" size="40.0, 8.0, 2.0" /><brick anchored="yes" coords="-11.0, -130.0, 15.0" name="Ground" orientation="0.0, 0.0, 0.0" rgb="139.0, 69.0, 19.0, 255.0" size="129.0, 16.0, 12.0" /><brick anchored="yes" coords="-134.0, -71.0, 3.5" name="Plant" orientation="45.0, 45.0, 0.0" rgb="25.0, 100.0, 25.0, 255.0" size="1.0, 1.0, 3.0" /><brick anchored="yes" coords="41.0, 107.0, 8.5" name="Plant" orientation="-75.0, 10.0, 0.0" rgb="25.0, 100.0, 25.0, 255.0" size="1.0, 1.0, 7.0" /><brick anchored="yes" coords="102.0, -73.0, 9.5" name="Plant" orientation="45.0, 10.0, 0.0" rgb="25.0, 100.0, 25.0, 255.0" size="1.0, 1.0, 7.0" /></world>