<world>
   <skybox />
   <light name = "ambient_light" type="ambient" rgb = "100, 100, 100, 255" orientation = "0,0,0"/>
   <light name = "directonal_light" type="directional" rgb = "255, 255, 255, 255" orientation = "45,90,0" cast_shadows="yes"/>
	<brick name = "head" coords = "-8,10,-2" rgb = "238,238,0,255" orientation = "45,0,0" size = "2,2,1"/>
	<brick name = "torso" coords = "-8,10,-5" rgb = "0,0,128,255" orientation = "0,0,0" size = "2,4,2" anchored = "yes"/>
	<brick name = "larm" coords = "-8,7,-5" rgb = "238,238,0,255" orientation = "0,0,0" size = "2,2,2" anchored = "yes"/>
	<brick name = "rarm" coords = "-9,14,-4" rgb = "238,238,0,255" orientation = "-45,0,90" size = "2,2,2" anchored = "yes"/>
	<brick name = "gunp1" coords = "-9,14,-2.5" rgb = "119,136,153,255" orientation = "-45,0,90" size = "1,1,3"/>
	<brick name = "gunp2" coords = "-9,14,-1.5" rgb = "0,0,0,255" orientation = "-45,0,90" size = "1,1,1"/>
	<brick name = "lleg" coords = "-8,9,-9" rgb = "238,238,0,255" orientation = "0,0,0" size = "2,2,2"/>
	<brick name = "rleg" coords = "-8,11,-9" rgb = "238,238,0,255" orientation = "0,0,0" size = "2,2,2"/>
	<brick name = "ground" coords = "-8,10,-13" rgb = "0,205,0,255" orientation = "0,0,0" size = "75,75,2" anchored = "yes"/>
	<brick name = "tree_stump" coords = "-8,30,-7" rgb = "133,94,66,255" orientation = "0,0,0" size = "3,3,4"/>
	<brick name = "leaves1" coords = "-8,30,-2" rgb = "0,100,0,255" orientation = "0,0,0" size = "10,10,1"/>
	<brick name = "leaves2" coords = "-8,30,0" rgb = "0,100,0,255" orientation = "0,0,0" size = "8,8,1"/>
	<brick name = "leaves3" coords = "-8,30,2" rgb = "0,100,0,255" orientation = "0,0,0" size = "6,6,1"/>
	<brick name = "leaves4" coords = "-8,30,4" rgb = "0,100,0,255" orientation = "0,0,0" size = "4,4,1"/>
	<brick name = "leaves5" coords = "-8,30,6" rgb = "0,100,0,255" orientation = "0,0,0" size = "2,2,1"/>
	<brick name = "log1" coords = "-4,25,-10" rgb = "133,94,66,255" orientation = "90,0,0" size = "2,10,1"/>
	<brick name = "head2" coords = "-20,20,-2" rgb = "0,100,0,255" orientation = "45,0,0" size = "2,2,1"/>
	<brick name = "torso2" coords = "-20,20,-5" rgb = "139,69,19,255" orientation = "0,0,0" size = "2,4,2"/>
	<brick name = "larm2" coords = "-19,17,-4" rgb = "0,100,0,255" orientation = "0,0,90" size = "2,2,2"/>
	<brick name = "rarm2" coords = "-19,23,-4" rgb = "0,100,0,255" orientation = "0,0,90" size = "2,2,2"/>
	<brick name = "lleg2" coords = "-20,19,-9" rgb = "0,100,0,255" orientation = "0,0,0" size = "2,2,2"/>
	<brick name = "rleg2" coords = "-20,21,-9" rgb = "0,100,0,255" orientation = "0,0,0" size = "2,2,2"/>

	<script name = "test_script">
	print(World.element.get_node_by_name("head").name)
	print(Script.name)
	</script>
	<script name = "test_script2">
	print(World.element.get_node_by_name("head").name)
	print(Script.name)

	print(Script.name)
	v = LuaFactory.make("Vector", -8, 10, 5)
   World.element.get_node_by_name("head").position = v
	</script>
   <script src = "test.lua" name = "testsrc" />
   <sound name = "test_sound" src="/data/strike.ogg" autoplay="yes" />
</world>
